limit_ha,ha_zelenina,E,CVaR,p_ztraty,hodnota,naklady_planu,stin_kc_za_ha,spolecne_ha_s_puvodnim
0,0.0,11131018.926,-175112.941,0.047,5477952.993,38924723.904,507240.783,725.935
50,50.0,20811144.14,733356.094,0.033,10772250.117,75889617.981,69441.042,742.172
100,100.0,28819531.625,-432368.513,0.048,14193581.556,100312267.394,62905.222,868.119
150,150.0,36840731.106,-1966438.369,0.058,17437146.368,128657086.526,60280.217,935.157
200,200.0,44586793.44,-3433134.194,0.065,20576829.623,156897925.27,58597.855,1000.0
250,250.0,51725964.43,-4467492.148,0.068,23629236.141,185178298.82,57693.732,931.697
300,300.0,59293229.717,-6008403.163,0.071,26642413.277,214859166.281,57010.888,864.162
350,350.0,66894090.531,-7619991.049,0.074,29637049.741,244810872.598,56614.665,795.906
400,400.0,74300645.955,-9127846.191,0.077,32586399.882,273378583.241,56385.536,732.771
