plodina,"k = 0,80","k = 0,85","k = 0,90","k = 0,95","k = 1,00","k = 1,05","k = 1,10","k = 1,15","k = 1,20","k = 1,25","k = 1,30","k = 1,35","k = 1,40"
Ječmen,0.0,0.0,0.0,0.0,225.9,250.0,250.0,250.0,250.0,250.0,250.0,250.0,250.0
Žito,0.0,0.0,0.0,0.0,0.0,0.0,0.0,0.0,0.0,0.0,114.0,156.5,177.9
Oves,0.0,0.0,0.0,0.0,0.0,0.0,50.0,50.0,69.9,107.8,0.0,0.0,0.0
Kukuřice na zrno,50.0,50.0,82.6,159.7,250.0,250.0,250.0,250.0,146.6,51.8,74.1,31.6,0.0
Řepka,250.0,250.0,250.0,250.0,250.0,250.0,250.0,250.0,250.0,250.0,250.0,250.0,250.0
Len olejný,0.0,0.0,0.0,0.0,0.0,0.0,0.0,0.0,0.0,73.2,57.8,61.9,72.1
Hrách na zrno,0.0,0.0,0.0,0.0,0.0,0.0,0.0,0.0,144.9,250.0,250.0,250.0,250.0
Cukrová řepa,250.0,250.0,250.0,250.0,0.0,50.0,0.0,0.0,0.0,0.0,0.0,0.0,0.0
Brambory,250.0,250.0,217.4,140.3,74.1,0.0,0.0,0.0,0.0,0.0,0.0,0.0,0.0
Zelí,0.0,0.0,32.6,51.5,77.3,53.4,34.2,26.8,5.3,0.8,0.0,0.0,0.0
Okurky a nakládačky,19.6,13.1,2.0,0.0,0.0,0.0,0.0,0.0,0.0,0.0,0.0,0.0,0.0
Zelený česnek,75.5,98.3,99.8,92.0,77.6,31.5,8.3,0.0,0.0,0.0,0.0,0.0,0.0
Salát a čekanka,104.9,88.6,65.6,56.5,45.2,27.1,16.2,10.4,5.3,0.1,0.0,0.0,0.0
Cibule a šalotka,0.0,0.0,0.0,0.0,0.0,88.0,141.2,162.8,128.0,16.3,4.2,0.0,0.0
