plodina,původní plán,"základ (růst 2,4 %)","růst jako 2008 (6,3 %)","růst jako 2023 (10,7 %)","růst jako 2022 (15,1 %)",robustní (minimax lítost)
Ječmen,225.9,225.9,250.0,250.0,250.0,250.0
Oves,0.0,0.0,0.0,0.0,50.0,0.0
Kukuřice na zrno,250.0,250.0,250.0,250.0,250.0,250.0
Řepka,250.0,250.0,250.0,250.0,250.0,250.0
Cukrová řepa,0.0,0.0,50.0,50.0,0.0,50.0
Brambory,74.1,74.1,0.0,0.0,0.0,0.0
Zelí,77.3,77.3,58.2,44.7,29.5,54.1
Zelený česnek,77.6,77.6,36.8,18.6,0.0,30.8
Salát a čekanka,45.2,45.2,29.6,21.3,12.3,26.5
Cibule a šalotka,0.0,0.0,75.4,115.4,158.2,88.6
