k_pole,k_zelenina,ha_zelenina,spolecne_ha_s_puvodnim
0.8,0.8,200.0,494.7
0.8,0.9,200.0,526.8
0.8,1.0,200.0,563.9
0.8,1.1,200.0,509.3
0.8,1.2,22.1,574.1
0.8,1.3,4.0,574.1
0.9,0.8,200.0,494.7
0.9,0.9,200.0,562.0
0.9,1.0,200.0,563.9
0.9,1.1,200.0,554.9
0.9,1.2,21.0,652.8
0.9,1.3,1.6,667.6
1.0,0.8,200.0,903.5
1.0,0.9,200.0,735.7
1.0,1.0,200.0,1000.0
1.0,1.1,200.0,648.7
1.0,1.2,40.2,689.6
1.0,1.3,0.6,725.9
1.1,0.8,200.0,853.7
1.1,0.9,200.0,913.3
1.1,1.0,200.0,878.0
1.1,1.1,200.0,784.7
1.1,1.2,103.4,735.1
1.1,1.3,0.0,725.9
1.2,0.8,200.0,843.2
1.2,0.9,200.0,895.5
1.2,1.0,200.0,877.7
1.2,1.1,200.0,788.9
1.2,1.2,138.5,633.1
1.2,1.3,0.0,725.9
1.3,0.8,200.0,843.2
1.3,0.9,200.0,895.1
1.3,1.0,200.0,877.9
1.3,1.1,200.0,593.0
1.3,1.2,200.0,500.2
1.3,1.3,4.2,550.0
