k,prepocitany_E,prepocitany_CVaR,prepocitany_p_ztraty,puvodni_E,puvodni_CVaR,puvodni_p_ztraty,puvodni_litost,robustni_litost,spolecne_ha_s_puvodnim,ha_zelenina
0.8,121351953.748,13288006.61,0.021,75966378.494,27946450.86,0.0,15363565.502,25941100.067,494.723,200.0
0.85,100744694.474,5330835.931,0.032,68121482.231,20101554.597,0.0,8926246.789,17147404.567,496.78,200.0
0.9,75714768.056,4204585.785,0.031,60276585.967,12256658.333,0.004,3693054.771,9557835.762,561.986,200.0
0.95,58627951.61,511651.21,0.039,52431689.704,4411762.07,0.02,1148075.523,4656479.727,658.001,200.0
1.0,44586793.44,-3433134.194,0.065,44586793.44,-3433134.194,0.065,0.0,1152027.417,1000.0,200.0
1.05,30593356.08,-2713787.18,0.068,36741897.177,-11278030.457,0.131,1207851.091,3501.72,837.948,200.0
1.1,23355536.99,-5646607.554,0.098,28897000.913,-19122926.721,0.214,3967427.622,406701.465,784.749,200.0
1.15,18405057.423,-9095510.225,0.15,21052104.65,-26967822.984,0.317,7612632.767,1695529.822,763.149,200.0
1.2,11238323.146,-10025210.986,0.193,13207208.386,-34812719.248,0.428,11409311.511,3135831.779,633.11,138.536
1.25,3291427.519,-6263336.212,0.32,5362312.123,-42657615.511,0.546,17161697.348,6531840.829,528.605,17.161
1.3,2117277.04,-7625630.898,0.422,-2482584.141,-50502511.775,0.653,23738371.029,10752137.723,550.016,4.163
1.35,805113.469,-8582884.496,0.524,-10327480.404,-58347408.038,0.743,30448558.708,15105948.615,507.555,0.0
1.4,-361354.598,-9579293.862,0.596,-18172376.668,-66192304.302,0.806,37212016.255,19513029.375,475.935,0.0
