plodina,naklady_kc_ha,trzba_prumer_kc_ha,k_nulova_prumerna_marze,k_nulova_medianova_marze,ha_v_planu
Pšenice,25600.0,34411.885,1.344,1.283,0.0
Ječmen,25600.0,36631.821,1.431,1.365,225.935
Žito,20480.0,27280.588,1.332,1.255,0.0
Oves,24576.0,29363.523,1.195,1.213,0.0
Kukuřice na zrno,30720.0,42633.085,1.388,1.341,250.0
Řepka,28672.0,41596.671,1.451,1.42,250.0
Slunečnice,23552.0,28512.953,1.211,1.153,0.0
Len olejný,18432.0,21257.586,1.153,1.143,0.0
Hrách na zrno,12288.0,15958.469,1.299,1.249,0.0
Cukrová řepa,55296.0,62287.785,1.126,1.109,0.0
Brambory,222208.0,252171.987,1.135,1.097,74.065
Zelí,276480.0,355303.904,1.285,1.206,77.285
Mrkev a tuřín,363520.0,428145.491,1.178,1.117,0.0
Květák a brokolice,546816.0,537667.427,0.983,0.936,0.0
Papriky a chilli,1192960.0,1228089.16,1.029,0.995,0.0
Okurky a nakládačky,2330624.0,2381455.559,1.022,1.01,0.0
Zelený česnek,533504.0,696339.148,1.305,1.235,77.556
Salát a čekanka,1263616.0,1588942.346,1.257,1.044,45.159
Cibule a šalotka,235520.0,329759.095,1.4,1.337,0.0
Rajčata,10907648.0,6918212.69,0.634,0.522,0.0
