plodina         , lambda_0.0, lambda_0.25, lambda_0.5, lambda_0.75, lambda_1.0
Ječmen          ,      101.3,       236.9,      250.0,       250.0,      250.0
Oves            ,        0.0,         0.0,        0.0,       102.2,      125.7
Kukuřice na zrno,      250.0,       250.0,      250.0,        15.1,        0.0
Řepka           ,      250.0,       250.0,      250.0,       250.0,      179.5
Len olejný      ,        0.0,         0.0,        0.0,         0.0,       98.3
Cukrová řepa    ,        0.0,         0.0,       50.0,       182.7,      250.0
Brambory        ,      198.7,        63.1,        0.0,         0.0,        0.0
Zelí            ,        0.0,        24.4,       54.1,        76.0,       51.9
Zelený česnek   ,        0.0,       101.9,       30.8,         6.4,        0.0
Salát a čekanka ,      200.0,        73.7,       26.5,        10.6,        4.3
Cibule a šalotka,        0.0,         0.0,       88.6,       106.9,       40.5
