varianta,k_rozpoctu,rozpocet_mil,pripustne,ha_zelenina,E,CVaR,p_ztraty,naklady_planu,naklady_pri_k_rozpoctu,cena_opatrnosti,stin_kc_za_kc,spolecne_ha_s_puvodnim
základní náklady,1.0,25,True,10.9212,9541190.6884,-77130.3284,0.0434,25000000.0,25000000.0,15844799.4432,0.2723,549.4438
základní náklady,1.0,30,True,31.1849,11303547.4011,711105.8403,0.0286,30000000.0,30000000.0,14569503.0024,0.2269,525.1419
základní náklady,1.0,40,True,71.9788,15343118.962,1317209.4224,0.0238,40000000.0,40000000.0,12246665.4309,0.2132,507.5338
základní náklady,1.0,50,True,110.4609,19282265.665,1725836.7671,0.0242,50000000.0,50000000.0,10072778.4071,0.2033,519.5964
základní náklady,1.0,60,True,139.1095,23269446.9301,1946425.2589,0.0246,60000000.0,60000000.0,7968893.5286,0.1997,634.122
základní náklady,1.0,80,True,200.0,30439259.5164,2879968.5096,0.0246,80000000.0,80000000.0,3917215.6101,0.164,756.8794
základní náklady,1.0,100,True,200.0,34053761.2788,3501742.2711,0.02,100000000.0,100000000.0,1799077.8482,0.0819,808.9779
základní náklady,1.0,120,True,200.0,37950200.0669,1724258.2814,0.0296,120000000.0,120000000.0,739600.449,0.0306,866.8646
základní náklady,1.0,140,True,200.0,41527453.5477,-788460.6625,0.0498,140000000.0,140000000.0,207333.1805,0.0144,945.9104
základní náklady,1.0,160,True,200.0,44586793.4401,-3433134.1939,0.0646,156897925.2697,156897925.2697,-0.0,0.0,1000.0
základní náklady,1.0,180,True,200.0,44586793.4401,-3433134.1939,0.0646,156897925.2697,156897925.2697,-0.0,0.0,1000.0
s rezervou,1.124,25,True,0.9422,8627361.2728,-838279.7956,0.067,22241529.1051,25000000.0,16682288.8846,0.2973,514.843
s rezervou,1.124,30,True,18.0885,9981446.6769,396237.9642,0.0316,26689834.9262,30000000.0,15387987.3026,0.2181,525.649
s rezervou,1.124,40,True,55.3197,13524564.2309,1129647.4446,0.0238,35586446.5682,40000000.0,13249723.7854,0.1942,494.0086
s rezervou,1.124,50,True,90.1713,17081656.1826,1554441.0246,0.0236,44483058.2103,50000000.0,11258781.0195,0.1846,502.0192
s rezervou,1.124,60,True,121.0919,20662135.6699,1774746.5607,0.024,53379669.8523,60000000.0,9358388.5078,0.1792,555.0986
s rezervou,1.124,80,True,172.0063,27540532.2644,2292116.9169,0.0256,71172893.1364,80000000.0,5660505.0325,0.1752,743.6062
s rezervou,1.124,100,True,200.0,32099081.5476,3382871.3992,0.021,88966116.4205,100000000.0,2835853.1497,0.0911,782.5735
s rezervou,1.124,120,True,200.0,35331107.7529,3176377.7342,0.0224,106759339.7046,120000000.0,1323086.8796,0.0548,829.0244
s rezervou,1.124,140,True,200.0,38784542.7568,1180808.7514,0.0318,124552562.9887,140000000.0,594153.869,0.0233,883.9995
s rezervou,1.124,160,True,200.0,41943213.8436,-1120838.4716,0.0516,142345786.2728,160000000.0,165641.9371,0.0107,955.4861
s rezervou,1.124,180,True,200.0,44586793.4401,-3433134.1939,0.0646,156897925.2697,176356945.2983,-0.0,0.0,1000.0
