plodina,25 mil. Kč,30 mil. Kč,40 mil. Kč,50 mil. Kč,60 mil. Kč,80 mil. Kč,100 mil. Kč,120 mil. Kč,140 mil. Kč,160 mil. Kč,180 mil. Kč
Ječmen,250.0,250.0,250.0,250.0,250.0,250.0,250.0,250.0,250.0,225.9,225.9
Žito,35.3,0.0,0.0,0.0,0.0,0.0,0.0,0.0,0.0,0.0,0.0
Oves,64.4,130.3,148.7,103.2,71.4,50.0,0.0,0.0,0.0,0.0,0.0
Kukuřice na zrno,73.2,47.2,29.3,36.3,147.6,250.0,250.0,250.0,250.0,250.0,250.0
Řepka,250.0,250.0,250.0,250.0,250.0,250.0,250.0,250.0,250.0,250.0,250.0
Len olejný,66.3,41.3,0.0,0.0,0.0,0.0,0.0,0.0,0.0,0.0,0.0
Hrách na zrno,250.0,250.0,250.0,250.0,141.9,0.0,0.0,0.0,0.0,0.0,0.0
Cukrová řepa,0.0,0.0,0.0,0.0,0.0,0.0,50.0,42.8,4.8,0.0,0.0
Brambory,0.0,0.0,0.0,0.0,0.0,0.0,0.0,7.2,45.2,74.1,74.1
Zelí,0.4,1.5,0.5,3.9,5.3,21.7,43.8,59.4,73.7,77.3,77.3
Zelený česnek,0.0,0.0,0.0,0.0,0.0,0.0,18.1,42.6,62.5,77.6,77.6
Salát a čekanka,0.0,0.5,1.8,3.4,5.3,9.3,21.1,31.7,38.6,45.2,45.2
Cibule a šalotka,10.6,29.1,69.7,103.1,128.5,169.1,117.0,66.3,25.2,0.0,0.0
