limit_zeleniny_ha,rozpocet_mil,ha_zelenina,E,CVaR,p_ztraty,naklady_planu,stin_zelenina_kc_za_ha,stin_rozpocet_kc_za_kc,spolecne_ha_s_puvodnim
100,25,10.9212,9541190.6884,-77130.3284,0.0434,25000000.0,0.0,0.2723,549.4438
100,30,31.1849,11303547.4011,711105.8403,0.0286,30000000.0,0.0,0.2269,525.1419
100,40,71.9788,15343118.962,1317209.4224,0.0238,40000000.0,0.0,0.2132,507.5338
100,50,100.0,19513484.6103,1481988.4543,0.0268,50000000.0,2111.6523,0.1965,651.09
100,60,100.0,21627268.5554,2525783.6558,0.0196,60000000.0,25669.6098,0.1097,743.4032
100,80,100.0,25228366.0898,2093223.12,0.023,80000000.0,45795.0025,0.0403,786.0425
100,100,100.0,28740705.7818,-356989.3512,0.0472,100000000.0,61565.1279,0.0023,867.7159
100,120,100.0,28819531.6246,-432368.5135,0.0478,100312267.3935,62905.2223,0.0,868.1185
100,140,100.0,28819531.6246,-432368.5135,0.0478,100312267.3935,62905.2223,0.0,868.1185
100,160,100.0,28819531.6246,-432368.5135,0.0478,100312267.3935,62905.2223,0.0,868.1185
100,180,100.0,28819531.6246,-432368.5135,0.0478,100312267.3935,62905.2223,0.0,868.1185
100,bez limitu,100.0,28819531.6246,-432368.5135,0.0478,100312267.3935,62905.2223,0.0,868.1185
200,25,10.9212,9541190.6884,-77130.3284,0.0434,25000000.0,0.0,0.2723,549.4438
200,30,31.1849,11303547.4011,711105.8403,0.0286,30000000.0,0.0,0.2269,525.1419
200,40,71.9788,15343118.962,1317209.4224,0.0238,40000000.0,0.0,0.2132,507.5338
200,50,110.4609,19282265.665,1725836.7671,0.0242,50000000.0,0.0,0.2033,519.5964
200,60,139.1095,23269446.9301,1946425.2589,0.0246,60000000.0,0.0,0.1997,634.122
200,80,200.0,30439259.5164,2879968.5096,0.0246,80000000.0,7417.8774,0.164,756.8794
200,100,200.0,34053761.2788,3501742.2711,0.02,100000000.0,29551.7172,0.0819,808.9779
200,120,200.0,37950200.0669,1724258.2814,0.0296,120000000.0,46084.0774,0.0306,866.8646
200,140,200.0,41527453.5477,-788460.6625,0.0498,140000000.0,52196.6386,0.0144,945.9104
200,160,200.0,44586793.4401,-3433134.1939,0.0646,156897925.2697,58597.855,0.0,1000.0
200,180,200.0,44586793.4401,-3433134.1939,0.0646,156897925.2697,58597.855,0.0,1000.0
200,bez limitu,200.0,44586793.4401,-3433134.1939,0.0646,156897925.2697,58597.855,0.0,1000.0
300,25,10.9212,9541190.6884,-77130.3284,0.0434,25000000.0,0.0,0.2723,549.4438
300,30,31.1849,11303547.4011,711105.8403,0.0286,30000000.0,0.0,0.2269,525.1419
300,40,71.9788,15343118.962,1317209.4224,0.0238,40000000.0,0.0,0.2132,507.5338
300,50,110.4609,19282265.665,1725836.7671,0.0242,50000000.0,0.0,0.2033,519.5964
300,60,139.1095,23269446.9301,1946425.2589,0.0246,60000000.0,0.0,0.1997,634.122
300,80,205.6008,30736545.3709,2631735.1737,0.0252,80000000.0,0.0,0.1931,753.9013
300,100,289.8104,38294583.7647,2686974.161,0.027,100000000.0,0.0,0.1837,733.5837
300,120,300.0,42218713.8568,4224192.9393,0.0218,120000000.0,20136.8913,0.1026,785.0185
300,140,300.0,46216793.225,3599307.9963,0.0238,140000000.0,33372.9206,0.0607,828.4651
300,160,300.0,50151535.5743,1287320.7407,0.033,160000000.0,46115.5844,0.0243,861.8197
300,180,300.0,53375245.5246,-1003393.5004,0.0486,180000000.0,50106.8212,0.0142,875.935
300,bez limitu,300.0,59293229.7169,-6008403.1631,0.0708,214859166.2809,57010.8877,0.0,864.1623
