Plodina,Plodina_CZ,CPC,Skupina,Naklady_2024_Kc_ha,Cena_predikce_2025_Kc_t,Cena_dolni_95_Kc_t,Cena_horni_95_Kc_t,Vynos_predikce_2025_kg_ha,Vynos_dolni_95_kg_ha,Vynos_horni_95_kg_ha,Metoda_ceny,Metoda_vynosu,MAE_ceny_Kc_t,MAE_vynosu_kg_ha,Marze_ocekavana_Kc_ha,Marze_neprizniva_Kc_ha,Marze_prizniva_Kc_ha,Riziko_downside_Kc_ha
Wheat,Pšenice,111.0,Běžné polní plodiny,25000,5100.48845480685,3153.790806645596,7047.186102968104,6346.218765480019,5427.859193681463,7264.578337278575,"arima(1, 0, 0)",holt_damped,763.3507640260594,474.1182540101687,7368.81554500942,-7881.667575200623,26194.835502392707,15250.483120210043
Barley,Ječmen,115.0,Běžné polní plodiny,25000,5933.0,4312.8308586501225,7553.1691413498775,5656.739717741875,4897.60353522065,6415.8759002631,naive,trend,653.7272727272727,370.0271246255422,8561.436745362545,-3877.4643398664484,23460.195864597612,12438.901085228994
Rye,Žito,116.0,Běžné polní plodiny,20000,4697.0,2849.062991037716,6544.937008962284,5377.634274193537,4541.707934291898,6213.560614095176,naive,trend,717.7727272727273,386.409477776354,5258.7481858870415,-7060.388008306598,20667.362820621936,12319.13619419364
Oats,Oves,117.0,Běžné polní plodiny,24000,7929.0,6569.119446936475,9288.880553063525,3424.5787420279175,1932.6154754357037,4916.542008620131,naive,"arima(0, 1, 1)",534.0454545454545,350.2431563833757,3153.4848455393585,-11304.418096864938,21669.17145219142,14457.902942404296
Maize (corn),Kukuřice na zrno,112.0,Běžné polní plodiny,30000,4612.091718201895,2799.724865381525,6424.458571022265,8060.944079237412,5992.842058782151,10129.046099692672,"arima(1, 1, 1)",holt_damped,661.4660938083274,1008.975384353117,7177.813428739464,-13221.691073723403,35073.63703145023,20399.504502462867
Rape or colza seed,Řepka,1443.0,Běžné polní plodiny,28000,12607.864919354848,9792.062563798729,15423.667274910968,3464.336290322557,2719.016444063913,4209.656136581201,trend,trend,1294.2023095073462,356.3954012388506,15677.88398360568,-1375.2208677286217,36928.335592415606,17053.1048513343
Sunflower seed,Slunečnice,1445.0,Běžné polní plodiny,23000,9624.0,6909.303612409565,12338.696387590435,2608.049093707348,2227.2621913036946,2988.835996111002,naive,holt_damped,1214.8181818181818,162.4681101704418,2099.8644778395173,-7611.169295842139,13878.33990831508,9711.033773681656
Linseed,Len olejný,1441.0,Běžné polní plodiny,18000,16045.620399136522,10887.075879057542,21204.164919215502,1230.9573609286326,730.98680314541,1730.9279187118552,"arima(1, 0, 0)","arima(0, 1, 1)",1964.4257599513082,189.085259617797,1751.474540983727,-10041.691207566222,18702.881051640623,11793.165748549949
"Peas, dry",Hrách na zrno,1705.0,Běžné polní plodiny,12000,6195.174453959706,4037.9231426302454,8352.425765289167,2478.8205944435317,1378.9411587226361,3578.7000301644275,"arima(1, 1, 1)","arima(0, 1, 1)",657.243073389037,313.61733853813934,3356.7260226457784,-6431.9415828685005,17890.82633818648,9788.667605514278
Sugar beet,Cukrová řepa,1801.0,Běžné polní plodiny,54000,910.834112493418,577.8116295539492,1243.856595432887,69718.2864124175,62783.24254353471,76653.33028130028,"arima(1, 1, 1)",holt_damped,62.79867710219694,3607.406890473071,9501.79352901622,-17723.112317239378,41345.75043229078,27224.9058462556
Potatoes,Brambory,1510.0,Běžné polní plodiny,217000,8676.793197871035,5309.860797505133,12043.725598236937,30487.42842741916,25759.317526236664,35215.539328601655,"arima(1, 1, 0)",trend,1228.4741564829785,2126.9423376797367,47533.111599610595,-80221.60969694905,207126.29246759933,127754.72129655964
Cabbages,Zelí,1212.0,Intenzivní zeleninové plodiny,270000,9514.462512468837,7566.7602510304405,11462.164773907234,38639.52394697895,30090.921250970874,47188.12664298703,holt_damped,holt_damped,1109.955542075835,4046.1953961389518,97634.30209317314,-42309.21316126641,270878.0829539194,139943.51525443955
Carrots and turnips,Mrkev a tuřín,1251.0,Intenzivní zeleninové plodiny,355000,9907.095357751941,6816.804252058411,12997.386463445471,40904.8,34067.760880465576,47741.83911953443,"arima(0, 1, 1)",naive,1291.7589349054836,2973.422727272727,50247.75418977166,-122766.74277193306,265519.13351222826,173014.49696170472
Cauliflowers and broccoli,Květák a brokolice,1213.0,Intenzivní zeleninové plodiny,534000,32530.98599395367,27220.706312479186,37841.265675428156,15017.872379032255,10707.64732803022,19328.09743003429,"arima(1, 0, 0)",trend,1977.8280598984047,1824.1127585122204,-45453.80397871806,-242530.2767860869,197399.66985048773,197076.47280736885
"Chillies and peppers, green",Čerstvé papriky a chilli papričky,1231.0,Intenzivní zeleninové plodiny,1165000,26529.72716674789,18177.27362198408,34882.1807115117,46642.9,37771.525008667864,55514.27499133214,holt,naive,2826.8763480458583,3021.545454545456,72423.41126590525,-478416.6547978296,771458.9723162022,550840.0660637348
Cucumbers and gherkins,Okurky a nakládačky,1232.0,Intenzivní zeleninové plodiny,2276000,30891.0,25652.78843816231,36129.21156183769,68118.46394186393,50083.80023199991,86153.12765172795,naive,"arima(1, 0, 0)",1889.109090909091,8583.65681138746,-171752.53037188156,-991210.8684693219,836644.575643288,819458.3380974403
Green garlic,Zelený česnek,1252.0,Intenzivní zeleninové plodiny,521000,124000.0,87257.82666975941,160742.1733302406,4262.6053919627375,1891.4589525652218,6633.751831360253,naive,"arima(0, 1, 1)",15634.142857142857,796.9994813332255,7563.068603379419,-355955.4025640992,545323.6867063108,363518.4711674786
Lettuce and chicory,Salát a čekanka,1214.0,Intenzivní zeleninové plodiny,1234000,53085.81963570677,42703.76703490685,63467.87223650669,23741.683595119604,8452.36632666661,39031.0008635726,"arima(1, 0, 0)","arima(0, 1, 1)",3570.211431426692,5642.962093668695,26346.73317853757,-873052.1174923377,1243214.5760722081,899398.8506708753
"Onions and shallots, dry",Cibule a šalotka,1253.02,Intenzivní zeleninové plodiny,230000,11501.653840292009,8337.983088085,14665.324592499017,27115.394368683286,21052.53182278394,33178.25691458263,holt,holt,1374.1713672107028,3300.1700362224433,81871.87977159838,-54464.345700256206,256569.90706567914,136336.2254718546
Tomatoes,Rajčata,1234.0,Intenzivní zeleninové plodiny,10652000,41018.49702013631,30517.858456055656,51519.135584216965,281563.83823809825,243116.06530832703,320011.6111678695,"arima(1, 1, 1)","arima(1, 1, 1)",4818.1719480301535,14893.217446328617,897325.4597475752,-3232618.3305272935,5834721.5842811875,4129943.7902748687
