max_ha_pole,mez_ha_pole,kod,plodina,ha
20.0,2.0,0111,Pšenice,0.0
20.0,2.0,0115,Ječmen,140.0
20.0,2.0,0116,Žito,0.0
20.0,2.0,0117,Oves,0.0
20.0,2.0,0112,Kukuřice na zrno,240.0
20.0,2.0,01443,Řepka,250.0
20.0,2.0,01445,Slunečnice,0.0
20.0,2.0,01441,Len olejný,0.0
20.0,2.0,01705,Hrách na zrno,0.0
20.0,2.0,01801,Cukrová řepa,0.0
20.0,2.0,01510,Brambory,76.0
20.0,2.0,01212,Zelí,77.79
20.0,2.0,01251,Mrkev a tuřín,0.0
20.0,2.0,01213,Květák a brokolice,0.0
20.0,2.0,01231,Papriky a chilli,0.0
20.0,2.0,01232,Okurky a nakládačky,0.0
20.0,2.0,01252,Zelený česnek,77.71
20.0,2.0,01214,Salát a čekanka,44.5
20.0,2.0,01253.02,Cibule a šalotka,0.0
20.0,2.0,01234,Rajčata,0.0
30.0,1.0,0111,Pšenice,0.0
30.0,1.0,0115,Ječmen,200.68
30.0,1.0,0116,Žito,0.0
30.0,1.0,0117,Oves,0.0
30.0,1.0,0112,Kukuřice na zrno,240.0
30.0,1.0,01443,Řepka,250.0
30.0,1.0,01445,Slunečnice,0.0
30.0,1.0,01441,Len olejný,0.0
30.0,1.0,01705,Hrách na zrno,0.0
30.0,1.0,01801,Cukrová řepa,0.0
30.0,1.0,01510,Brambory,74.32
30.0,1.0,01212,Zelí,77.34
30.0,1.0,01251,Mrkev a tuřín,0.0
30.0,1.0,01213,Květák a brokolice,0.0
30.0,1.0,01231,Papriky a chilli,0.0
30.0,1.0,01232,Okurky a nakládačky,0.0
30.0,1.0,01252,Zelený česnek,77.58
30.0,1.0,01214,Salát a čekanka,45.08
30.0,1.0,01253.02,Cibule a šalotka,0.0
30.0,1.0,01234,Rajčata,0.0
30.0,2.0,0111,Pšenice,0.0
30.0,2.0,0115,Ječmen,180.0
30.0,2.0,0116,Žito,0.0
30.0,2.0,0117,Oves,0.0
30.0,2.0,0112,Kukuřice na zrno,239.9
30.0,2.0,01443,Řepka,240.0
30.0,2.0,01445,Slunečnice,0.0
30.0,2.0,01441,Len olejný,0.0
30.0,2.0,01705,Hrách na zrno,0.0
30.0,2.0,01801,Cukrová řepa,0.0
30.0,2.0,01510,Brambory,74.1
30.0,2.0,01212,Zelí,77.83
30.0,2.0,01251,Mrkev a tuřín,0.0
30.0,2.0,01213,Květák a brokolice,0.0
30.0,2.0,01231,Papriky a chilli,0.0
30.0,2.0,01232,Okurky a nakládačky,0.0
30.0,2.0,01252,Zelený česnek,77.41
30.0,2.0,01214,Salát a čekanka,44.76
30.0,2.0,01253.02,Cibule a šalotka,0.0
30.0,2.0,01234,Rajčata,0.0
40.0,2.0,0111,Pšenice,0.0
40.0,2.0,0115,Ječmen,195.83
40.0,2.0,0116,Žito,0.0
40.0,2.0,0117,Oves,0.0
40.0,2.0,0112,Kukuřice na zrno,240.0
40.0,2.0,01443,Řepka,240.0
40.0,2.0,01445,Slunečnice,0.0
40.0,2.0,01441,Len olejný,0.0
40.0,2.0,01705,Hrách na zrno,0.0
40.0,2.0,01801,Cukrová řepa,0.0
40.0,2.0,01510,Brambory,74.17
40.0,2.0,01212,Zelí,77.68
40.0,2.0,01251,Mrkev a tuřín,0.0
40.0,2.0,01213,Květák a brokolice,0.0
40.0,2.0,01231,Papriky a chilli,0.0
40.0,2.0,01232,Okurky a nakládačky,0.0
40.0,2.0,01252,Zelený česnek,77.46
40.0,2.0,01214,Salát a čekanka,44.86
40.0,2.0,01253.02,Cibule a šalotka,0.0
40.0,2.0,01234,Rajčata,0.0
