lambda,pole,kod,poradi_plodiny,ha,mez_ha,fyzicka_ha
0.0,1,0112,1,30.0,2.0,32.0
0.0,2,0112,2,30.0,2.0,32.0
0.0,3,0112,3,30.0,2.0,32.0
0.0,4,0112,4,30.0,2.0,32.0
0.0,5,0112,5,30.0,2.0,32.0
0.0,6,0112,6,30.0,2.0,32.0
0.0,7,0112,7,30.0,2.0,32.0
0.0,8,0112,8,24.0,2.0,26.0
0.0,9,01443,1,30.0,2.0,32.0
0.0,10,01443,2,30.0,2.0,32.0
0.0,11,01443,3,30.0,2.0,32.0
0.0,12,01443,4,30.0,2.0,32.0
0.0,13,01443,5,30.0,2.0,32.0
0.0,14,01443,6,30.0,2.0,32.0
0.0,15,01443,7,30.0,2.0,32.0
0.0,16,01443,8,30.0,2.0,32.0
0.0,17,01443,9,10.0,2.0,12.0
0.0,18,01510,1,30.0,2.0,32.0
0.0,19,01510,2,30.0,2.0,32.0
0.0,20,01510,3,30.0,2.0,32.0
0.0,21,01510,4,30.0,2.0,32.0
0.0,22,01510,5,30.0,2.0,32.0
0.0,23,01510,6,30.0,2.0,32.0
0.0,24,01510,7,30.0,2.0,32.0
0.0,25,01510,8,30.0,2.0,32.0
0.0,26,01510,9,10.0,2.0,12.0
0.0,27,01214,1,30.0,2.0,32.0
0.0,28,01214,2,30.0,2.0,32.0
0.0,29,01214,3,30.0,2.0,32.0
0.0,30,01214,4,30.0,2.0,32.0
0.0,31,01214,5,30.0,2.0,32.0
0.0,32,01214,6,30.0,2.0,32.0
0.0,33,01214,7,20.0,2.0,22.0
0.25,1,0115,1,30.0,2.0,32.0
0.25,2,0112,1,30.0,2.0,32.0
0.25,3,0112,2,30.0,2.0,32.0
0.25,4,0112,3,30.0,2.0,32.0
0.25,5,0112,4,30.0,2.0,32.0
0.25,6,0112,5,30.0,2.0,32.0
0.25,7,0112,6,30.0,2.0,32.0
0.25,8,0112,7,30.0,2.0,32.0
0.25,9,0112,8,30.0,2.0,32.0
0.25,10,0112,9,10.0,2.0,12.0
0.25,11,01443,1,30.0,2.0,32.0
0.25,12,01443,2,30.0,2.0,32.0
0.25,13,01443,3,30.0,2.0,32.0
0.25,14,01443,4,30.0,2.0,32.0
0.25,15,01443,5,30.0,2.0,32.0
0.25,16,01443,6,30.0,2.0,32.0
0.25,17,01443,7,30.0,2.0,32.0
0.25,18,01443,8,30.0,2.0,32.0
0.25,19,01443,9,10.0,2.0,12.0
0.25,20,01510,1,30.0,2.0,32.0
0.25,21,01510,2,30.0,2.0,32.0
0.25,22,01510,3,30.0,2.0,32.0
0.25,23,01510,4,30.0,2.0,32.0
0.25,24,01510,5,30.0,2.0,32.0
0.25,25,01510,6,30.0,2.0,32.0
0.25,26,01510,7,24.0,2.0,26.0
0.25,27,01252,1,30.0,2.0,32.0
0.25,28,01252,2,30.0,2.0,32.0
0.25,29,01252,3,30.0,2.0,32.0
0.25,30,01252,4,20.0,2.0,22.0
0.25,31,01214,1,30.0,2.0,32.0
0.25,32,01214,2,30.0,2.0,32.0
0.25,33,01214,3,30.0,2.0,32.0
0.5,1,0115,1,30.0,2.0,32.0
0.5,2,0115,2,30.0,2.0,32.0
0.5,3,0115,3,30.0,2.0,32.0
0.5,4,0115,4,30.0,2.0,32.0
0.5,5,0115,5,30.0,2.0,32.0
0.5,6,0115,6,30.0,2.0,32.0
0.5,7,0112,1,30.0,2.0,32.0
0.5,8,0112,2,30.0,2.0,32.0
0.5,9,0112,3,30.0,2.0,32.0
0.5,10,0112,4,30.0,2.0,32.0
0.5,11,0112,5,30.0,2.0,32.0
0.5,12,0112,6,30.0,2.0,32.0
0.5,13,0112,7,30.0,2.0,32.0
0.5,14,0112,8,29.9,2.0,31.9
0.5,15,01443,1,30.0,2.0,32.0
0.5,16,01443,2,30.0,2.0,32.0
0.5,17,01443,3,30.0,2.0,32.0
0.5,18,01443,4,30.0,2.0,32.0
0.5,19,01443,5,30.0,2.0,32.0
0.5,20,01443,6,30.0,2.0,32.0
0.5,21,01443,7,30.0,2.0,32.0
0.5,22,01443,8,30.0,2.0,32.0
0.5,23,01510,1,30.0,2.0,32.0
0.5,24,01510,2,30.0,2.0,32.0
0.5,25,01510,3,14.1,2.0,16.1
0.5,26,01212,1,30.0,2.0,32.0
0.5,27,01212,2,30.0,2.0,32.0
0.5,28,01212,3,17.83,2.0,19.83
0.5,29,01252,1,30.0,2.0,32.0
0.5,30,01252,2,30.0,2.0,32.0
0.5,31,01252,3,17.41,2.0,19.41
0.5,32,01214,1,30.0,2.0,32.0
0.5,33,01214,2,14.76,2.0,16.76
0.75,1,0115,1,30.0,2.0,32.0
0.75,2,0115,2,30.0,2.0,32.0
0.75,3,0115,3,30.0,2.0,32.0
0.75,4,0115,4,30.0,2.0,32.0
0.75,5,0115,5,30.0,2.0,32.0
0.75,6,0115,6,30.0,2.0,32.0
0.75,7,0115,7,30.0,2.0,32.0
0.75,8,0115,8,22.0,2.0,24.0
0.75,9,01443,1,30.0,2.0,32.0
0.75,10,01443,2,30.0,2.0,32.0
0.75,11,01443,3,30.0,2.0,32.0
0.75,12,01443,4,30.0,2.0,32.0
0.75,13,01443,5,30.0,2.0,32.0
0.75,14,01443,6,30.0,2.0,32.0
0.75,15,01443,7,30.0,2.0,32.0
0.75,16,01443,8,30.0,2.0,32.0
0.75,17,01443,9,10.0,2.0,12.0
0.75,18,01801,1,30.0,2.0,32.0
0.75,19,01801,2,30.0,2.0,32.0
0.75,20,01801,3,30.0,2.0,32.0
0.75,21,01801,4,30.0,2.0,32.0
0.75,22,01801,5,30.0,2.0,32.0
0.75,23,01801,6,30.0,2.0,32.0
0.75,24,01801,7,30.0,2.0,32.0
0.75,25,01801,8,30.0,2.0,32.0
0.75,26,01801,9,10.0,2.0,12.0
0.75,27,01212,1,30.0,2.0,32.0
0.75,28,01212,2,30.0,2.0,32.0
0.75,29,01212,3,24.28,2.0,26.28
0.75,30,01252,1,23.02,2.0,25.02
0.75,31,01214,1,19.01,2.0,21.01
0.75,32,01253.02,1,30.0,2.0,32.0
0.75,33,01253.02,2,30.0,2.0,32.0
0.75,34,01253.02,3,13.69,2.0,15.69
1.0,1,0115,1,30.0,2.0,32.0
1.0,2,0115,2,30.0,2.0,32.0
1.0,3,0115,3,30.0,2.0,32.0
1.0,4,0115,4,30.0,2.0,32.0
1.0,5,0115,5,30.0,2.0,32.0
1.0,6,0115,6,30.0,2.0,32.0
1.0,7,0115,7,30.0,2.0,32.0
1.0,8,0115,8,30.0,2.0,32.0
1.0,9,0115,9,10.0,2.0,12.0
1.0,10,0117,1,30.0,2.0,32.0
1.0,11,0117,2,24.9,2.0,26.9
1.0,12,01443,1,30.0,2.0,32.0
1.0,13,01443,2,30.0,2.0,32.0
1.0,14,01443,3,30.0,2.0,32.0
1.0,15,01443,4,30.0,2.0,32.0
1.0,16,01443,5,30.0,2.0,32.0
1.0,17,01443,6,25.1,2.0,27.1
1.0,18,01801,1,30.0,2.0,32.0
1.0,19,01801,2,30.0,2.0,32.0
1.0,20,01801,3,30.0,2.0,32.0
1.0,21,01801,4,30.0,2.0,32.0
1.0,22,01801,5,30.0,2.0,32.0
1.0,23,01801,6,30.0,2.0,32.0
1.0,24,01801,7,30.0,2.0,32.0
1.0,25,01801,8,30.0,2.0,32.0
1.0,26,01801,9,10.0,2.0,12.0
1.0,27,01212,1,30.0,2.0,32.0
1.0,28,01212,2,30.0,2.0,32.0
1.0,29,01212,3,30.0,2.0,32.0
1.0,30,01212,4,6.18,2.0,8.18
1.0,31,01252,1,12.26,2.0,14.26
1.0,32,01214,1,11.56,2.0,13.56
1.0,33,01253.02,1,30.0,2.0,32.0
1.0,34,01253.02,2,30.0,2.0,32.0
1.0,35,01253.02,3,19.99,2.0,21.99
