kod,plodina,korelace_chyb_cena_vynos
0111,Pšenice,0.04505542055046284
0115,Ječmen,0.03242564662677035
0116,Žito,0.1608521715707712
0117,Oves,-0.10738794003604847
0112,Kukuřice na zrno,0.04322432708353886
01443,Řepka,-0.13181751762578012
01445,Slunečnice,0.3504959381230792
01441,Len olejný,0.3030619997282362
01705,Hrách na zrno,0.155026319692383
01801,Cukrová řepa,0.14188745970928243
01510,Brambory,-0.36575523552347494
01212,Zelí,-0.08165673318504342
01251,Mrkev a tuřín,-0.10456490743319899
01213,Květák a brokolice,-0.045633083916526485
01231,Papriky a chilli,0.1453194366266594
01232,Okurky a nakládačky,-0.085791093251818
01252,Zelený česnek,0.05999475445516112
01214,Salát a čekanka,0.16150634585624077
01253.02,Cibule a šalotka,-0.3773202358347851
01234,Rajčata,0.1896817115695612
