Plodina,Cena_Pi_Kc_t,Vynos_Yi_kg_ha,Naklady_Ci_Kc_ha,Marze_Mi_Kc_ha
Tomatoes,46297.0,232666.7,10652000.0,119770.2098999992
Cucumbers and gherkins,30891.0,76592.6,2276000.0,90022.00660000043
Lettuce and chicory,51956.0,25107.7,1234000.0,70495.66119999997
"Chillies and peppers, green",26484.0,46642.9,1165000.0,70290.56360000023
Cauliflowers and broccoli,32265.0,18087.0,534000.0,49577.05500000005
Carrots and turnips,9788.0,40904.8,355000.0,45376.18240000005
Green garlic,124000.0,4525.0,521000.0,40100.0
Cabbages,8995.8,33920.6,270000.0,35142.93347999995
"Onions and shallots, dry",11363.0,23325.4,230000.0,35046.52020000003
Potatoes,8557.7,28813.6,217000.0,29578.14472000001
Sugar beet,914.0,69560.2,54000.0,9578.022799999999
Maize (corn),4564.0,8141.7,30000.0,7158.718799999995
Barley,5933.0,5271.0,25000.0,6272.843000000001
Oats,7929.0,3813.0,24000.0,6233.276999999998
Wheat,4772.0,5956.7,25000.0,3425.3724
Rape or colza seed,11217.0,2757.6,28000.0,2931.9991999999984
Sunflower seed,9624.0,2504.3,23000.0,1101.3832000000039
Linseed,14370.0,1296.3,18000.0,627.8309999999983
Rye,4697.0,4347.3,20000.0,419.26810000000114
"Peas, dry",6221.0,1669.5,12000.0,-1614.0404999999992
