kod,arima,kombinace,naivni,prumer3,prumer5,trend,trend15,trend15_pocasi,trend15_robustni
Pšenice,0.0768,0.0663,0.0772,0.0714,0.0689,0.0638,0.0657,0.066,0.0688
Kukuřice na zrno,0.1398,0.1171,0.1581,0.1166,0.1081,0.1111,0.131,0.1342,0.1331
Ječmen,0.0544,0.0526,0.0573,0.0495,0.0521,0.0511,0.0551,0.0551,0.0554
Žito,0.0637,0.0476,0.0589,0.0486,0.0475,0.055,0.0493,0.0485,0.053
Oves,0.081,0.0701,0.1045,0.0709,0.0706,0.0672,0.0728,0.0712,0.0809
Zelí,0.0847,0.0701,0.0909,0.0702,0.0713,0.0767,0.0697,0.0697,0.0756
Květák a brokolice,0.1668,0.116,0.1446,0.1247,0.1145,0.1163,0.1204,0.1196,0.1201
Salát a čekanka,0.3023,0.3048,0.3771,0.2836,0.2797,0.305,0.3408,0.3394,0.3342
Papriky a chilli,0.0841,0.0941,0.0767,0.0829,0.0919,0.0975,0.1094,0.1102,0.1307
Okurky a nakládačky,0.1807,0.1803,0.2024,0.1815,0.1929,0.1687,0.1698,0.1731,0.1735
Rajčata,0.3164,0.3083,0.3144,0.2829,0.3073,0.3358,0.3133,0.3131,0.3539
Mrkev a tuřín,0.0633,0.0758,0.0603,0.0607,0.0713,0.0916,0.0881,0.0864,0.0869
Zelený česnek,0.1539,0.1114,0.1554,0.1111,0.1125,0.1246,0.1154,0.1159,0.1279
Cibule a šalotka,0.1229,0.0979,0.123,0.095,0.0937,0.0909,0.0978,0.0964,0.0932
Len olejný,0.1076,0.0823,0.1198,0.0873,0.0962,0.095,0.0796,0.0806,0.0803
Řepka,0.092,0.0803,0.0867,0.084,0.0824,0.0825,0.0811,0.0812,0.0743
Slunečnice,0.0671,0.0508,0.0694,0.0558,0.0497,0.0511,0.0533,0.0528,0.061
Brambory,0.0792,0.0623,0.0941,0.0665,0.0601,0.0654,0.0657,0.0655,0.0623
Hrách na zrno,0.1279,0.1113,0.1297,0.1218,0.1126,0.1065,0.1099,0.1107,0.115
Cukrová řepa,0.0563,0.0511,0.0668,0.0474,0.0503,0.0561,0.0529,0.0528,0.0548
