kod,ar_plodina,ar_sdileny,ar_sdileny_kurz,drift,kombinace,naivni
Pšenice,0.119,0.1108,0.1208,0.1249,0.1128,0.1208
Kukuřice na zrno,0.107,0.1048,0.1164,0.111,0.1029,0.1086
Ječmen,0.0921,0.087,0.1034,0.1024,0.0914,0.0999
Žito,0.12,0.1098,0.1277,0.1298,0.1146,0.1264
Oves,0.1042,0.1086,0.1221,0.0983,0.0935,0.0942
Zelí,0.1485,0.1483,0.1484,0.1606,0.1471,0.1563
Květák a brokolice,0.0992,0.1048,0.1035,0.0981,0.0945,0.0961
Salát a čekanka,0.0888,0.0826,0.1033,0.0759,0.0739,0.0738
Papriky a chilli,0.0978,0.1278,0.1332,0.1102,0.1057,0.1076
Okurky a nakládačky,0.0698,0.071,0.0683,0.072,0.0659,0.0702
Rajčata,0.1579,0.1589,0.1517,0.148,0.1432,0.1461
Mrkev a tuřín,0.1102,0.1056,0.123,0.1119,0.1027,0.1109
Zelený česnek,0.1672,0.1811,0.169,0.1543,0.1428,0.1489
Cibule a šalotka,0.1327,0.1392,0.154,0.161,0.1421,0.1583
Len olejný,0.1127,0.1102,0.109,0.1065,0.103,0.1037
Řepka,0.1254,0.1147,0.1152,0.1121,0.1074,0.1099
Slunečnice,0.1118,0.1137,0.1103,0.1068,0.1061,0.104
Brambory,0.1859,0.1672,0.1939,0.2006,0.1755,0.1959
Hrách na zrno,0.0914,0.0905,0.0932,0.0957,0.0882,0.0933
Cukrová řepa,0.0485,0.0417,0.0562,0.0519,0.0406,0.0495
