plodina,Pšenice,Ječmen,Žito,Oves,Kukuřice na zrno,Řepka,Slunečnice,Len olejný,Hrách na zrno,Cukrová řepa,Brambory,Zelí,Mrkev a tuřín,Květák a brokolice,Papriky a chilli,Okurky a nakládačky,Zelený česnek,Salát a čekanka,Cibule a šalotka,Rajčata
Pšenice,1.0,0.9304181281654919,0.840978125660243,0.5253708832076509,0.6962067753575008,0.8698591891306925,0.5493801927137708,0.36368312315298046,0.7671739382437869,0.19367881534958767,0.36633715046515564,-0.16618288535634473,-0.2543935841549051,-0.28959290173785684,0.15411355944913574,0.06988689172751994,0.5477798633194317,-0.17948890167264162,0.04371517966525816,-0.1420223390135428
Ječmen,0.9304181281654919,1.0,0.8660108126334227,0.6162587464694695,0.6477045315465376,0.8162540100255712,0.5403945229710073,0.45231632037031294,0.7468260748992204,0.2354381523265981,0.28401753448720096,-0.20714937336302336,-0.29241022773337977,-0.3389981957247884,0.120637679081054,0.08908501959311135,0.6036019202060587,-0.23636946415699767,0.027701118288598357,-0.07316984872162956
Žito,0.8409781256602431,0.8660108126334227,1.0,0.5262842187696034,0.6444068902893065,0.7211242138649825,0.5657658785867984,0.255014665757158,0.6843867755833698,0.09448632560482266,0.17296944335202383,-0.26581415364081484,-0.2686046222659174,-0.29316631324364145,-0.0009935717550320028,-0.07601694220289593,0.4497431274060037,-0.16611953554133777,-0.05115497221321681,-0.1267317647065412
Oves,0.5253708832076509,0.6162587464694695,0.5262842187696034,1.0,0.4241855512541364,0.3227137966164495,0.5062206211343141,0.3086742971782477,0.36297677445903626,0.08593855700680983,0.10382283903444757,-0.37779642915353984,-0.29193881431928365,-0.06222402629263554,0.20597055955143503,-0.04280258875272298,0.41325675766719455,0.003078865443548974,-0.23363568446104047,0.012663919974378761
Kukuřice na zrno,0.6962067753575006,0.6477045315465376,0.6444068902893065,0.4241855512541364,1.0,0.6140607066088914,0.7894491734569798,0.19345274248716052,0.3400625246722852,0.1022933570562868,0.32512182284039814,-0.14626811153214422,-0.3804517820352041,-0.2949011617334863,0.15867303701055424,-0.29403767357881566,0.47586459719146657,-0.3629474003070339,0.22993004198591527,-0.023762767854190733
Řepka,0.8698591891306925,0.8162540100255713,0.7211242138649825,0.32271379661644944,0.6140607066088916,1.0,0.433584395374253,0.49020080049667436,0.7322696754684569,0.27421415221969625,0.3262844151801242,-0.08488465533160766,-0.17246211158308156,-0.32896275800624053,0.08353964572856223,-0.08642783255511118,0.5384831211094684,-0.23039173203113988,0.05073523449898193,-0.1998996553460831
Slunečnice,0.5493801927137709,0.5403945229710073,0.5657658785867984,0.5062206211343141,0.7894491734569797,0.43358439537425303,1.0,0.33928653770303246,0.34775743335677417,0.1424114614405636,-0.012561120112873988,-0.1075008083061244,-0.20042328240184443,-0.2677578976733367,-0.053488673293545695,-0.17538998858325267,0.29213480373891487,-0.11365623065477219,-0.09865743889240712,-0.08880561936037089
Len olejný,0.36368312315298046,0.4523163203703129,0.2550146657571579,0.3086742971782477,0.19345274248716052,0.49020080049667436,0.33928653770303246,1.0,0.5509635008710546,0.5611036261369594,-0.051361902273639626,-0.006237449773330615,-0.12119948139766244,-0.35706189047680836,-0.043592855958523996,-0.00949434972076781,0.32970646384280783,-0.1345178260179651,-0.052892031473133344,-0.04268707822274863
Hrách na zrno,0.7671739382437868,0.7468260748992204,0.6843867755833697,0.3629767744590363,0.3400625246722852,0.7322696754684569,0.34775743335677417,0.5509635008710546,1.0,0.2451253735276352,0.10876789090119815,-0.020365054376301733,-0.069318383320633,-0.26665423472443633,-0.07530404360765167,0.1582690860693349,0.4893792575409846,0.08904049112404393,-0.07958490772358652,-0.22462287769811218
Cukrová řepa,0.19367881534958767,0.23543815232659812,0.09448632560482266,0.08593855700680983,0.1022933570562868,0.2742141522196962,0.1424114614405636,0.5611036261369593,0.24512537352763517,1.0,-0.16445967288807625,0.2782065555077509,0.21479426262283763,-0.28745131489972486,-0.3452105352984312,0.42859568592733316,0.19558892448178605,-0.2524621942034784,-0.06304395122811561,0.15561671496283644
Brambory,0.36633715046515564,0.28401753448720096,0.17296944335202383,0.10382283903444757,0.32512182284039814,0.3262844151801242,-0.012561120112873988,-0.051361902273639626,0.10876789090119814,-0.16445967288807622,0.9999999999999998,-0.031725389025751075,-0.10204370391648986,0.005534300541387551,0.43555060265858514,-0.042462044478260484,0.09907473756659682,-0.23473587184421704,0.5891622115198697,0.13980733716008972
Zelí,-0.16618288535634473,-0.2071493733630234,-0.26581415364081484,-0.37779642915353984,-0.14626811153214422,-0.08488465533160768,-0.10750080830612442,-0.006237449773330614,-0.020365054376301733,0.2782065555077509,-0.031725389025751075,1.0,0.5839892685801445,0.2935262793317411,-0.05763927222092971,0.38582276580129893,-0.3725683204478009,-0.14062198757367086,0.14280980769178503,0.19764698248932336
Mrkev a tuřín,-0.2543935841549051,-0.2924102277333798,-0.2686046222659174,-0.2919388143192836,-0.380451782035204,-0.17246211158308156,-0.20042328240184443,-0.12119948139766244,-0.06931838332063302,0.21479426262283763,-0.10204370391648986,0.5839892685801447,1.0,0.4235773798339189,-0.08087626828370262,0.33503929173814645,-0.4127318437352621,0.13952134930668825,0.13498104277823092,0.17559166808385968
Květák a brokolice,-0.2895929017378569,-0.3389981957247884,-0.29316631324364145,-0.06222402629263554,-0.2949011617334863,-0.32896275800624053,-0.2677578976733367,-0.35706189047680836,-0.2666542347244363,-0.28745131489972486,0.005534300541387551,0.2935262793317411,0.42357737983391897,1.0,0.11234755024689465,-0.039910395307084075,-0.4180658388206277,0.0704303254010172,0.04102758311705319,0.3128452941243013
Papriky a chilli,0.1541135594491357,0.12063767908105401,-0.0009935717550320028,0.20597055955143506,0.15867303701055427,0.08353964572856223,-0.053488673293545695,-0.043592855958523996,-0.07530404360765167,-0.3452105352984312,0.4355506026585852,-0.05763927222092972,-0.08087626828370262,0.11234755024689463,1.0,-0.022233348013984636,-0.044316853023707914,0.16760838681539889,0.47691432447818305,0.4013603921371263
Okurky a nakládačky,0.06988689172751994,0.08908501959311135,-0.07601694220289594,-0.042802588752722984,-0.29403767357881566,-0.08642783255511118,-0.17538998858325267,-0.00949434972076781,0.1582690860693349,0.42859568592733316,-0.042462044478260484,0.38582276580129893,0.33503929173814645,-0.03991039530708408,-0.022233348013984636,1.0,0.020315084522553113,0.3118292553063442,0.00987840940827739,0.22972820533131763
Zelený česnek,0.5477798633194316,0.6036019202060587,0.44974312740600375,0.4132567576671946,0.47586459719146657,0.5384831211094684,0.2921348037389149,0.3297064638428078,0.48937925754098455,0.19558892448178605,0.09907473756659682,-0.37256832044780097,-0.4127318437352621,-0.4180658388206277,-0.044316853023707914,0.020315084522553113,1.0,-0.09164493122840296,0.09285897227950916,-0.3103817033184745
Salát a čekanka,-0.1794889016726416,-0.23636946415699767,-0.1661195355413378,0.003078865443548974,-0.3629474003070339,-0.23039173203113988,-0.11365623065477219,-0.13451782601796514,0.08904049112404394,-0.2524621942034784,-0.23473587184421704,-0.14062198757367084,0.13952134930668825,0.07043032540101721,0.16760838681539886,0.3118292553063442,-0.09164493122840295,0.9999999999999999,-0.1731946327336401,-0.09116914104807898
Cibule a šalotka,0.04371517966525816,0.027701118288598357,-0.05115497221321682,-0.23363568446104047,0.22993004198591527,0.05073523449898193,-0.09865743889240712,-0.05289203147313334,-0.0795849077235865,-0.06304395122811561,0.5891622115198697,0.14280980769178506,0.13498104277823092,0.041027583117053186,0.47691432447818305,0.00987840940827739,0.09285897227950916,-0.1731946327336401,1.0,0.26229123689250006
Rajčata,-0.14202233901354278,-0.07316984872162956,-0.1267317647065412,0.012663919974378763,-0.023762767854190733,-0.1998996553460831,-0.0888056193603709,-0.04268707822274862,-0.22462287769811218,0.15561671496283644,0.13980733716008972,0.19764698248932336,0.17559166808385968,0.3128452941243013,0.4013603921371263,0.2297282053313176,-0.3103817033184745,-0.091169141048079,0.2622912368925001,1.0
