plodina_1,plodina_2,korelace,typ
Pšenice,Ječmen,0.9304181281654919,Silná kladná (riziková)
Pšenice,Řepka,0.8698591891306925,Silná kladná (riziková)
Ječmen,Žito,0.8660108126334227,Silná kladná (riziková)
Pšenice,Žito,0.840978125660243,Silná kladná (riziková)
Ječmen,Řepka,0.8162540100255712,Silná kladná (riziková)
Kukuřice na zrno,Slunečnice,0.7894491734569798,Silná kladná (riziková)
Pšenice,Hrách na zrno,0.7671739382437869,Silná kladná (riziková)
Ječmen,Hrách na zrno,0.7468260748992204,Silná kladná (riziková)
Řepka,Hrách na zrno,0.7322696754684569,Silná kladná (riziková)
Žito,Řepka,0.7211242138649825,Silná kladná (riziková)
