,srazky,teplota
Řepka,-0.0462,-0.0302
Slunečnice,-0.0462,-0.0302
Len olejný,-0.0462,-0.0302
Hrách na zrno,-0.0357,-0.017
Cukrová řepa,-0.0357,-0.017
Brambory,-0.0357,-0.017
Pšenice,-0.0098,0.0129
Ječmen,-0.0098,0.0129
Žito,-0.0098,0.0129
Oves,-0.0098,0.0129
Kukuřice na zrno,-0.0098,0.0129
Zelí,0.0287,0.0395
Mrkev a tuřín,0.0287,0.0395
Květák a brokolice,0.0287,0.0395
Papriky a chilli,0.0287,0.0395
Okurky a nakládačky,0.0287,0.0395
Zelený česnek,0.0287,0.0395
Salát a čekanka,0.0287,0.0395
Cibule a šalotka,0.0287,0.0395
Rajčata,0.0287,0.0395
