plodina,lambda_0.0,lambda_0.25,lambda_0.5,lambda_0.75,lambda_1.0
Pšenice,0.0,0.0,0.0,0.0,0.0
Ječmen,0.0,30.0,180.0,232.0,250.0
Žito,0.0,0.0,0.0,0.0,0.0
Oves,0.0,0.0,0.0,0.0,54.9
Kukuřice na zrno,234.0,250.0,239.9,0.0,0.0
Řepka,250.0,250.0,240.0,250.0,175.1
Slunečnice,0.0,0.0,0.0,0.0,0.0
Len olejný,0.0,0.0,0.0,0.0,0.0
Hrách na zrno,0.0,0.0,0.0,0.0,0.0
Cukrová řepa,0.0,0.0,0.0,250.0,250.0
Brambory,250.0,204.0,74.1,0.0,0.0
Zelí,0.0,0.0,77.8,84.3,96.2
Mrkev a tuřín,0.0,0.0,0.0,0.0,0.0
Květák a brokolice,0.0,0.0,0.0,0.0,0.0
Papriky a chilli,0.0,0.0,0.0,0.0,0.0
Okurky a nakládačky,0.0,0.0,0.0,0.0,0.0
Zelený česnek,0.0,110.0,77.4,23.0,12.3
Salát a čekanka,200.0,90.0,44.8,19.0,11.6
Cibule a šalotka,0.0,0.0,0.0,73.7,80.0
Rajčata,0.0,0.0,0.0,0.0,0.0
