plodina            , lambda_0.0, lambda_0.25, lambda_0.5, lambda_0.75, lambda_1.0, horni_mez_ha
Pšenice            ,        0.0,         0.0,        0.0,         0.0,        0.0,        250.0
Ječmen             ,       50.0,        68.8,      225.9,       250.0,      250.0,        250.0
Žito               ,        0.0,         0.0,        0.0,         0.0,        0.0,        250.0
Oves               ,        0.0,         0.0,        0.0,         0.0,       87.7,        250.0
Kukuřice na zrno   ,      250.0,       250.0,      250.0,        50.0,        0.0,        250.0
Řepka              ,      250.0,       250.0,      250.0,       250.0,      212.3,        250.0
Slunečnice         ,        0.0,         0.0,        0.0,         0.0,        0.0,        250.0
Len olejný         ,        0.0,         0.0,        0.0,         0.0,        0.0,        250.0
Hrách na zrno      ,        0.0,         0.0,        0.0,         0.0,        0.0,        250.0
Cukrová řepa       ,        0.0,         0.0,        0.0,       250.0,      250.0,        250.0
Brambory           ,      250.0,       231.2,       74.1,         0.0,        0.0,        250.0
Zelí               ,        0.0,         0.0,       77.3,        84.1,       97.5,        250.0
Mrkev a tuřín      ,        0.0,         0.0,        0.0,         0.0,        0.0,        250.0
Květák a brokolice ,        0.0,         0.0,        0.0,         0.0,        0.0,        250.0
Papriky a chilli   ,        0.0,         0.0,        0.0,         0.0,        0.0,        250.0
Okurky a nakládačky,        0.0,         0.0,        0.0,         0.0,        0.0,        250.0
Zelený česnek      ,        0.0,        69.5,       77.6,        23.1,       11.7,        250.0
Salát a čekanka    ,      200.0,       130.5,       45.2,        19.8,       11.7,        250.0
Cibule a šalotka   ,        0.0,         0.0,        0.0,        73.0,       79.1,        250.0
Rajčata            ,        0.0,         0.0,        0.0,         0.0,        0.0,        250.0
