kod,plodina,cena_2024,cena_2025_median,cena_2025_q10,cena_2025_q90,vynos_2024,vynos_2025_median,vynos_2025_q10,vynos_2025_q90,naklady_2025,marze_2024,marze_2025_prumer,marze_2025_median,marze_2025_q10,marze_2025_q90,p_ztraty
0111,Pšenice,4772.0,5252.406,3862.687,6747.062,5956.7,6441.395,5555.082,7521.769,25600.0,3425.372,8811.885,7250.142,-1285.546,21125.341,0.141
0115,Ječmen,5933.0,6153.608,4889.611,7895.019,5271.0,5704.647,5143.442,6700.683,25600.0,6272.843,11031.821,9354.72,1849.413,23098.613,0.055
0116,Žito,4697.0,5008.235,3769.835,6987.255,4347.3,5201.41,4464.581,5940.312,20480.0,419.268,6800.588,5229.169,-2419.345,18928.482,0.181
0117,Oves,7929.0,8115.88,6468.754,9787.697,3813.0,3620.125,3082.238,4208.916,24576.0,6233.277,4787.523,5246.468,-3249.267,11563.348,0.235
0112,Kukuřice na zrno,4564.0,4980.312,3729.032,6440.979,8141.7,8328.485,6587.607,10427.493,30720.0,7158.719,11913.085,10481.828,-2514.332,28498.055,0.167
01443,Řepka,11217.0,12554.456,9565.907,15778.619,2757.6,3262.968,2652.49,4007.841,28672.0,2931.999,12924.671,12034.036,389.863,26786.419,0.089
01445,Slunečnice,9624.0,10338.876,8440.564,12929.863,2504.3,2670.69,2422.724,3002.444,23552.0,1101.383,4960.953,3605.754,-1958.99,14161.581,0.224
01441,Len olejný,14370.0,16968.754,13727.635,20587.024,1296.3,1229.405,929.921,1543.272,18432.0,627.831,2825.586,2633.113,-5510.247,11246.116,0.347
01705,Hrách na zrno,6221.0,6525.719,5470.268,8286.022,1669.5,2303.996,1871.382,3006.074,12288.0,-1614.04,3670.469,3064.07,-1132.592,9482.217,0.19
01801,Cukrová řepa,914.0,899.73,803.442,1025.897,69560.2,68565.374,61920.274,74685.379,55296.0,9578.023,6991.785,6001.842,-2687.013,18169.024,0.197
01510,Brambory,8557.7,8245.725,5206.676,12412.218,28813.6,29771.287,25243.892,33610.094,222208.0,29578.145,29963.987,21509.892,-64247.913,133524.078,0.388
01212,Zelí,8995.8,9411.134,6559.16,13256.259,33920.6,36420.047,30120.606,42146.35,276480.0,35142.933,78823.904,56821.245,-35047.464,200824.228,0.207
01251,Mrkev a tuřín,9788.0,9670.718,7564.323,13535.04,40904.8,41674.064,34606.401,50778.685,363520.0,45376.182,64625.491,42600.013,-55479.687,200623.219,0.303
01213,Květák a brokolice,32265.0,30701.314,25005.685,37168.218,18087.0,16988.691,14117.372,20233.137,546816.0,49577.055,-9148.573,-35250.859,-147777.404,151397.137,0.616
01231,Papriky a chilli,26484.0,26730.453,21148.086,34136.374,46642.9,43571.269,36193.798,54550.849,1192960.0,70290.564,35129.16,-6325.123,-348677.179,387504.587,0.509
01232,Okurky a nakládačky,30891.0,30354.43,26627.156,36366.18,76592.6,76685.844,48859.595,104093.0,2330624.0,90022.007,50831.559,22180.441,-850417.174,935777.662,0.488
01252,Zelený česnek,124000.0,140812.381,116367.876,201589.961,4525.0,4655.299,3176.008,6009.513,533504.0,40100.0,162835.148,125506.197,-86537.631,472477.289,0.238
01214,Salát a čekanka,51956.0,52433.266,42006.367,60326.979,25107.7,25963.688,16422.478,49532.996,1263616.0,70495.661,325326.346,56186.847,-422631.604,1392575.737,0.455
01253.02,Cibule a šalotka,11363.0,10964.695,8046.651,15275.086,23325.4,29171.061,21790.473,37653.697,235520.0,35046.52,94239.095,79377.915,-730.512,220798.312,0.102
01234,Rajčata,46297.0,44448.768,33661.972,59829.146,232666.7,126723.427,75751.957,263218.648,10907648.0,119770.21,-3989435.31,-5217335.495,-7948293.957,2033035.483,0.849
